,title,ocena,url
0,Tralala - HD ,6,https://ekino-tv.pl/movie/show/tralala-hd-2021-lektor/31927
1,Tralala - HD ,6,https://ekino-tv.pl/movie/show/tralala-hd-2021-lektor/31927
2,Tralala - HD ,6,https://ekino-tv.pl/movie/show/tralala-hd-2021-lektor/31927
3,Tralala - HD ,6,https://ekino-tv.pl/movie/show/tralala-hd-2021-lektor/31927
4,Tralala - HD ,6,https://ekino-tv.pl/movie/show/tralala-hd-2021-lektor/31927
5,Tralala - HD ,6,https://ekino-tv.pl/movie/show/tralala-hd-2021-lektor/31927
6,Tralala - HD ,6,https://ekino-tv.pl/movie/show/tralala-hd-2021-lektor/31927
7,Tralala - HD ,6,https://ekino-tv.pl/movie/show/tralala-hd-2021-lektor/31927
8,Tralala - HD ,6,https://ekino-tv.pl/movie/show/tralala-hd-2021-lektor/31927
9,Tralala - HD ,6,https://ekino-tv.pl/movie/show/tralala-hd-2021-lektor/31927
